<?xml version="1.0" encoding="UTF-8"?>
<beans xmlns="http://www.springframework.org/schema/beans"
       xmlns:xsi="http://www.w3.org/2001/XMLSchema-instance"
       xmlns:context="http://www.springframework.org/schema/context"
       xsi:schemaLocation="
            http://www.springframework.org/schema/beans
            http://www.springframework.org/schema/beans/spring-beans-3.1.xsd
            http://www.springframework.org/schema/context
            http://www.springframework.org/schema/context/spring-context-3.1.xsd">

    <context:component-scan base-package="spring"/>

    <bean id="accountDao" class="dao.csv.CsvAccountDao">
        <property name="csvResource" value="accounts.csv"/>
    </bean>
    <bean id="accountService" class="service.AccountService">
        <property name="accountDao" ref="accountDao"/>
    </bean>
    <bean id="AccountServiceImp" class="jdbc.impl.AccountServiceImp">
        <property name="AccountServiceImp" ref="AccountServiceImp"/>
    </bean>
</beans>