<?xml version="1.0" encoding="UTF-8"?>
<beans xmlns="http://www.springframework.org/schema/beans"
       xmlns:xsi="http://www.w3.org/2001/XMLSchema-instance"
       xmlns:context="http://www.springframework.org/schema/context"
       xsi:schemaLocation="
            http://www.springframework.org/schema/beans
            http://www.springframework.org/schema/beans/spring-beans-3.1.xsd
            http://www.springframework.org/schema/context
            http://www.springframework.org/schema/context/spring-context-3.1.xsd">

    <context:annotation-config />
    <context:component-scan base-package="spring.jdbc" />


    <bean id="ds" class="org.springframework.jdbc.datasource.DriverManagerDataSource">
        <property name="driverClassName" value="com.mysql.cj.jdbc.Driver" />
        <property name="url" value="jdbc:mysql://localhost:3306/maven_zajecia" />
        <property name="username" value="root" />
        <property name="password" value="12345" />
    </bean>

    <bean id="jdbcTemplate" class="org.springframework.jdbc.core.JdbcTemplate">
        <property name="dataSource" ref="ds"/>
    </bean>

    <bean id="AccountServiceImp"  class="spring.jdbc.impl.AccountServiceImp">
        <property name="jdbcTemplate" ref="jdbcTemplate"/>
    </bean>

<!--    <bean id="ds" class="org.springframework.spring.jdbc.datasource.DriverManagerDataSource">-->
<!--        <property name="driverClassName" value="org.postgresql.Driver" />-->
<!--        <property name="url" value="spring.jdbc:postgresql.//localhost:5400/spring?autoReconnect=true" />-->
<!--        <property name="username" value="postgres" />-->
<!--        <property name="password" value="" />-->
<!--    </bean>-->

<!--    <bean id="jdbcTemplate" class="org.springframework.spring.jdbc.core.JdbcTemplate">-->
<!--        <property name="dataSource" ref="ds"></property>-->
<!--    </bean>-->

<!--    <bean id="AccountServiceImp"  class="spring.jdbc.impl.AccountServiceImp">-->
<!--        <property name="jdbcTemplate" ref="jdbcTemplate"></property>-->
<!--    </bean>-->

</beans>