<?xml version="1.0" encoding="UTF-8"?>
<beans xmlns="http://www.springframework.org/schema/beans"
       xmlns:xsi="http://www.w3.org/2001/XMLSchema-instance"
       xmlns:context="http://www.springframework.org/schema/context"
       xsi:schemaLocation="
            http://www.springframework.org/schema/beans
            http://www.springframework.org/schema/beans/spring-beans-3.1.xsd
            http://www.springframework.org/schema/context
            http://www.springframework.org/schema/context/spring-context-3.1.xsd">

    <context:annotation-config />
    <context:component-scan base-package="jdbc" />

    <bean id="ds" class="org.springframework.jdbc.datasource.DriverManagerDataSource">
        <property name="driverClassName" value="org.postgresql.Driver" />
        <property name="url" value="jdbc:postgresql.//localhost:5400/spring?autoReconnect=true" />
        <property name="username" value="postgres" />
        <property name="password" value="" />
    </bean>

    <bean id="jdbcTemplate" class="org.springframework.jdbc.core.JdbcTemplate">
        <property name="dataSource" ref="ds"></property>
    </bean>

    <bean id="AccountServiceImp"  class="jdbc.impl.AccountServiceImp">
        <property name="jdbcTemplate" ref="jdbcTemplate"></property>
    </bean>


</beans>